category,claim_short_id,acord_path,police_path,loss_path,rc_path,dl_path,hospital_path,damage_difference,injury_mismatch,date_difference_days,location_match,vehicle_match,rc_match,dl_match,patient_match,hospital_match,fraud_inconsistency_score,severity_level,complexity_score
accident,CLM-2025-0001,C:\claims_agent\ClaimWise\ml\dataset\accident\accord_form_100\CLM-2025-0001-ACC_SAFE_acord.pdf,C:\claims_agent\ClaimWise\ml\dataset\accident\police_reports_100\PR-10001-ACC_CLM-2025-0001-ACC_SAFE_police.pdf,C:\claims_agent\ClaimWise\ml\dataset\accident\loss_reports_100\CLM-2025-0001-ACC_SAFE_loss.pdf,C:\claims_agent\ClaimWise\ml\dataset\accident\rc_documents_100\CLM-2025-0001-ACC_SAFE_rc.pdf,C:\claims_agent\ClaimWise\ml\dataset\accident\dl_documents_100\CLM-2025-0001-ACC_SAFE_dl.pdf,,0.0308,0,2,1.0,1.0,1.0,1.0,1.0,1.0,0.0462,Low,1.0
accident,CLM-2025-0002,C:\claims_agent\ClaimWise\ml\dataset\accident\accord_form_100\CLM-2025-0002-ACC_SAFE_acord.pdf,C:\claims_agent\ClaimWise\ml\dataset\accident\police_reports_100\PR-10002-ACC_CLM-2025-0002-ACC_SAFE_police.pdf,C:\claims_agent\ClaimWise\ml\dataset\accident\loss_reports_100\CLM-2025-0002-ACC_SAFE_loss.pdf,C:\claims_agent\ClaimWise\ml\dataset\accident\rc_documents_100\CLM-2025-0002-ACC_SAFE_rc.pdf,C:\claims_agent\ClaimWise\ml\dataset\accident\dl_documents_100\CLM-2025-0002-ACC_SAFE_dl.pdf,,0.0213,0,0,1.0,1.0,1.0,1.0,1.0,1.0,0.0043,Low,1.0
accident,CLM-2025-0003,C:\claims_agent\ClaimWise\ml\dataset\accident\accord_form_100\CLM-2025-0003-ACC_SAFE_acord.pdf,C:\claims_agent\ClaimWise\ml\dataset\accident\police_reports_100\PR-10003-ACC_CLM-2025-0003-ACC_SAFE_police.pdf,C:\claims_agent\ClaimWise\ml\dataset\accident\loss_reports_100\CLM-2025-0003-ACC_SAFE_loss.pdf,C:\claims_agent\ClaimWise\ml\dataset\accident\rc_documents_100\CLM-2025-0003-ACC_SAFE_rc.pdf,C:\claims_agent\ClaimWise\ml\dataset\accident\dl_documents_100\CLM-2025-0003-ACC_SAFE_dl.pdf,,0.0451,0,2,1.0,1.0,1.0,1.0,1.0,1.0,0.049,Low,1.0
accident,CLM-2025-0004,C:\claims_agent\ClaimWise\ml\dataset\accident\accord_form_100\CLM-2025-0004-ACC_SAFE_acord.pdf,C:\claims_agent\ClaimWise\ml\dataset\accident\police_reports_100\PR-10004-ACC_CLM-2025-0004-ACC_SAFE_police.pdf,C:\claims_agent\ClaimWise\ml\dataset\accident\loss_reports_100\CLM-2025-0004-ACC_SAFE_loss.pdf,C:\claims_agent\ClaimWise\ml\dataset\accident\rc_documents_100\CLM-2025-0004-ACC_SAFE_rc.pdf,C:\claims_agent\ClaimWise\ml\dataset\accident\dl_documents_100\CLM-2025-0004-ACC_SAFE_dl.pdf,,0.0448,0,0,1.0,1.0,1.0,1.0,1.0,1.0,0.009,Low,1.0
accident,CLM-2025-0005,C:\claims_agent\ClaimWise\ml\dataset\accident\accord_form_100\CLM-2025-0005-ACC_SAFE_acord.pdf,C:\claims_agent\ClaimWise\ml\dataset\accident\police_reports_100\PR-10005-ACC_CLM-2025-0005-ACC_SAFE_police.pdf,C:\claims_agent\ClaimWise\ml\dataset\accident\loss_reports_100\CLM-2025-0005-ACC_SAFE_loss.pdf,C:\claims_agent\ClaimWise\ml\dataset\accident\rc_documents_100\CLM-2025-0005-ACC_SAFE_rc.pdf,C:\claims_agent\ClaimWise\ml\dataset\accident\dl_documents_100\CLM-2025-0005-ACC_SAFE_dl.pdf,,0.0284,0,0,1.0,1.0,1.0,1.0,1.0,1.0,0.0057,Low,1.0
accident,CLM-2025-0006,C:\claims_agent\ClaimWise\ml\dataset\accident\accord_form_100\CLM-2025-0006-ACC_SAFE_acord.pdf,C:\claims_agent\ClaimWise\ml\dataset\accident\police_reports_100\PR-10006-ACC_CLM-2025-0006-ACC_SAFE_police.pdf,C:\claims_agent\ClaimWise\ml\dataset\accident\loss_reports_100\CLM-2025-0006-ACC_SAFE_loss.pdf,C:\claims_agent\ClaimWise\ml\dataset\accident\rc_documents_100\CLM-2025-0006-ACC_SAFE_rc.pdf,C:\claims_agent\ClaimWise\ml\dataset\accident\dl_documents_100\CLM-2025-0006-ACC_SAFE_dl.pdf,,0.0214,0,0,1.0,1.0,1.0,1.0,1.0,1.0,0.0043,Low,1.0
accident,CLM-2025-0007,C:\claims_agent\ClaimWise\ml\dataset\accident\accord_form_100\CLM-2025-0007-ACC_SAFE_acord.pdf,C:\claims_agent\ClaimWise\ml\dataset\accident\police_reports_100\PR-10007-ACC_CLM-2025-0007-ACC_SAFE_police.pdf,C:\claims_agent\ClaimWise\ml\dataset\accident\loss_reports_100\CLM-2025-0007-ACC_SAFE_loss.pdf,C:\claims_agent\ClaimWise\ml\dataset\accident\rc_documents_100\CLM-2025-0007-ACC_SAFE_rc.pdf,C:\claims_agent\ClaimWise\ml\dataset\accident\dl_documents_100\CLM-2025-0007-ACC_SAFE_dl.pdf,,0.0158,0,0,1.0,1.0,1.0,1.0,1.0,1.0,0.0032,Low,1.0
accident,CLM-2025-0008,C:\claims_agent\ClaimWise\ml\dataset\accident\accord_form_100\CLM-2025-0008-ACC_SAFE_acord.pdf,C:\claims_agent\ClaimWise\ml\dataset\accident\police_reports_100\PR-10008-ACC_CLM-2025-0008-ACC_SAFE_police.pdf,C:\claims_agent\ClaimWise\ml\dataset\accident\loss_reports_100\CLM-2025-0008-ACC_SAFE_loss.pdf,C:\claims_agent\ClaimWise\ml\dataset\accident\rc_documents_100\CLM-2025-0008-ACC_SAFE_rc.pdf,C:\claims_agent\ClaimWise\ml\dataset\accident\dl_documents_100\CLM-2025-0008-ACC_SAFE_dl.pdf,,0.0429,0,2,1.0,1.0,1.0,1.0,1.0,1.0,0.0486,Low,1.0
accident,CLM-2025-0009,C:\claims_agent\ClaimWise\ml\dataset\accident\accord_form_100\CLM-2025-0009-ACC_SAFE_acord.pdf,C:\claims_agent\ClaimWise\ml\dataset\accident\police_reports_100\PR-10009-ACC_CLM-2025-0009-ACC_SAFE_police.pdf,C:\claims_agent\ClaimWise\ml\dataset\accident\loss_reports_100\CLM-2025-0009-ACC_SAFE_loss.pdf,C:\claims_agent\ClaimWise\ml\dataset\accident\rc_documents_100\CLM-2025-0009-ACC_SAFE_rc.pdf,C:\claims_agent\ClaimWise\ml\dataset\accident\dl_documents_100\CLM-2025-0009-ACC_SAFE_dl.pdf,,0.0279,0,0,1.0,1.0,1.0,1.0,1.0,1.0,0.0056,Low,1.0
accident,CLM-2025-0010,C:\claims_agent\ClaimWise\ml\dataset\accident\accord_form_100\CLM-2025-0010-ACC_SAFE_acord.pdf,C:\claims_agent\ClaimWise\ml\dataset\accident\police_reports_100\PR-10010-ACC_CLM-2025-0010-ACC_SAFE_police.pdf,C:\claims_agent\ClaimWise\ml\dataset\accident\loss_reports_100\CLM-2025-0010-ACC_SAFE_loss.pdf,C:\claims_agent\ClaimWise\ml\dataset\accident\rc_documents_100\CLM-2025-0010-ACC_SAFE_rc.pdf,C:\claims_agent\ClaimWise\ml\dataset\accident\dl_documents_100\CLM-2025-0010-ACC_SAFE_dl.pdf,,0.006,0,0,1.0,1.0,1.0,1.0,1.0,1.0,0.0012,Low,1.0
accident,CLM-2025-0011,C:\claims_agent\ClaimWise\ml\dataset\accident\accord_form_100\CLM-2025-0011-ACC_SAFE_acord.pdf,C:\claims_agent\ClaimWise\ml\dataset\accident\police_reports_100\PR-10011-ACC_CLM-2025-0011-ACC_SAFE_police.pdf,C:\claims_agent\ClaimWise\ml\dataset\accident\loss_reports_100\CLM-2025-0011-ACC_SAFE_loss.pdf,C:\claims_agent\ClaimWise\ml\dataset\accident\rc_documents_100\CLM-2025-0011-ACC_SAFE_rc.pdf,C:\claims_agent\ClaimWise\ml\dataset\accident\dl_documents_100\CLM-2025-0011-ACC_SAFE_dl.pdf,,0.0122,0,1,1.0,1.0,1.0,1.0,1.0,1.0,0.0224,Low,1.0
accident,CLM-2025-0012,C:\claims_agent\ClaimWise\ml\dataset\accident\accord_form_100\CLM-2025-0012-ACC_SAFE_acord.pdf,C:\claims_agent\ClaimWise\ml\dataset\accident\police_reports_100\PR-10012-ACC_CLM-2025-0012-ACC_SAFE_police.pdf,C:\claims_agent\ClaimWise\ml\dataset\accident\loss_reports_100\CLM-2025-0012-ACC_SAFE_loss.pdf,C:\claims_agent\ClaimWise\ml\dataset\accident\rc_documents_100\CLM-2025-0012-ACC_SAFE_rc.pdf,C:\claims_agent\ClaimWise\ml\dataset\accident\dl_documents_100\CLM-2025-0012-ACC_SAFE_dl.pdf,,0.0231,0,1,1.0,1.0,1.0,1.0,1.0,1.0,0.0246,Low,1.0
accident,CLM-2025-0013,C:\claims_agent\ClaimWise\ml\dataset\accident\accord_form_100\CLM-2025-0013-ACC_SAFE_acord.pdf,C:\claims_agent\ClaimWise\ml\dataset\accident\police_reports_100\PR-10013-ACC_CLM-2025-0013-ACC_SAFE_police.pdf,C:\claims_agent\ClaimWise\ml\dataset\accident\loss_reports_100\CLM-2025-0013-ACC_SAFE_loss.pdf,C:\claims_agent\ClaimWise\ml\dataset\accident\rc_documents_100\CLM-2025-0013-ACC_SAFE_rc.pdf,C:\claims_agent\ClaimWise\ml\dataset\accident\dl_documents_100\CLM-2025-0013-ACC_SAFE_dl.pdf,,0.0446,0,1,1.0,1.0,1.0,1.0,1.0,1.0,0.0289,Low,1.0
accident,CLM-2025-0014,C:\claims_agent\ClaimWise\ml\dataset\accident\accord_form_100\CLM-2025-0014-ACC_SAFE_acord.pdf,C:\claims_agent\ClaimWise\ml\dataset\accident\police_reports_100\PR-10014-ACC_CLM-2025-0014-ACC_SAFE_police.pdf,C:\claims_agent\ClaimWise\ml\dataset\accident\loss_reports_100\CLM-2025-0014-ACC_SAFE_loss.pdf,C:\claims_agent\ClaimWise\ml\dataset\accident\rc_documents_100\CLM-2025-0014-ACC_SAFE_rc.pdf,C:\claims_agent\ClaimWise\ml\dataset\accident\dl_documents_100\CLM-2025-0014-ACC_SAFE_dl.pdf,,0.0103,0,0,1.0,1.0,1.0,1.0,1.0,1.0,0.0021,Low,1.0
accident,CLM-2025-0015,C:\claims_agent\ClaimWise\ml\dataset\accident\accord_form_100\CLM-2025-0015-ACC_SAFE_acord.pdf,C:\claims_agent\ClaimWise\ml\dataset\accident\police_reports_100\PR-10015-ACC_CLM-2025-0015-ACC_SAFE_police.pdf,C:\claims_agent\ClaimWise\ml\dataset\accident\loss_reports_100\CLM-2025-0015-ACC_SAFE_loss.pdf,C:\claims_agent\ClaimWise\ml\dataset\accident\rc_documents_100\CLM-2025-0015-ACC_SAFE_rc.pdf,C:\claims_agent\ClaimWise\ml\dataset\accident\dl_documents_100\CLM-2025-0015-ACC_SAFE_dl.pdf,,0.0362,0,2,1.0,1.0,1.0,1.0,1.0,1.0,0.0472,Low,1.0
accident,CLM-2025-0016,C:\claims_agent\ClaimWise\ml\dataset\accident\accord_form_100\CLM-2025-0016-ACC_SAFE_acord.pdf,C:\claims_agent\ClaimWise\ml\dataset\accident\police_reports_100\PR-10016-ACC_CLM-2025-0016-ACC_SAFE_police.pdf,C:\claims_agent\ClaimWise\ml\dataset\accident\loss_reports_100\CLM-2025-0016-ACC_SAFE_loss.pdf,C:\claims_agent\ClaimWise\ml\dataset\accident\rc_documents_100\CLM-2025-0016-ACC_SAFE_rc.pdf,C:\claims_agent\ClaimWise\ml\dataset\accident\dl_documents_100\CLM-2025-0016-ACC_SAFE_dl.pdf,,0.0476,0,2,1.0,1.0,1.0,1.0,1.0,1.0,0.0495,Low,1.0
accident,CLM-2025-0017,C:\claims_agent\ClaimWise\ml\dataset\accident\accord_form_100\CLM-2025-0017-ACC_SAFE_acord.pdf,C:\claims_agent\ClaimWise\ml\dataset\accident\police_reports_100\PR-10017-ACC_CLM-2025-0017-ACC_SAFE_police.pdf,C:\claims_agent\ClaimWise\ml\dataset\accident\loss_reports_100\CLM-2025-0017-ACC_SAFE_loss.pdf,C:\claims_agent\ClaimWise\ml\dataset\accident\rc_documents_100\CLM-2025-0017-ACC_SAFE_rc.pdf,C:\claims_agent\ClaimWise\ml\dataset\accident\dl_documents_100\CLM-2025-0017-ACC_SAFE_dl.pdf,,0.0418,0,1,1.0,1.0,1.0,1.0,1.0,1.0,0.0284,Low,1.0
accident,CLM-2025-0018,C:\claims_agent\ClaimWise\ml\dataset\accident\accord_form_100\CLM-2025-0018-ACC_SAFE_acord.pdf,C:\claims_agent\ClaimWise\ml\dataset\accident\police_reports_100\PR-10018-ACC_CLM-2025-0018-ACC_SAFE_police.pdf,C:\claims_agent\ClaimWise\ml\dataset\accident\loss_reports_100\CLM-2025-0018-ACC_SAFE_loss.pdf,C:\claims_agent\ClaimWise\ml\dataset\accident\rc_documents_100\CLM-2025-0018-ACC_SAFE_rc.pdf,C:\claims_agent\ClaimWise\ml\dataset\accident\dl_documents_100\CLM-2025-0018-ACC_SAFE_dl.pdf,,0.0296,0,1,1.0,1.0,1.0,1.0,1.0,1.0,0.0259,Low,1.0
accident,CLM-2025-0019,C:\claims_agent\ClaimWise\ml\dataset\accident\accord_form_100\CLM-2025-0019-ACC_SAFE_acord.pdf,C:\claims_agent\ClaimWise\ml\dataset\accident\police_reports_100\PR-10019-ACC_CLM-2025-0019-ACC_SAFE_police.pdf,C:\claims_agent\ClaimWise\ml\dataset\accident\loss_reports_100\CLM-2025-0019-ACC_SAFE_loss.pdf,C:\claims_agent\ClaimWise\ml\dataset\accident\rc_documents_100\CLM-2025-0019-ACC_SAFE_rc.pdf,C:\claims_agent\ClaimWise\ml\dataset\accident\dl_documents_100\CLM-2025-0019-ACC_SAFE_dl.pdf,,0.047,0,0,1.0,1.0,1.0,1.0,1.0,1.0,0.0094,Low,1.0
accident,CLM-2025-0020,C:\claims_agent\ClaimWise\ml\dataset\accident\accord_form_100\CLM-2025-0020-ACC_SAFE_acord.pdf,C:\claims_agent\ClaimWise\ml\dataset\accident\police_reports_100\PR-10020-ACC_CLM-2025-0020-ACC_SAFE_police.pdf,C:\claims_agent\ClaimWise\ml\dataset\accident\loss_reports_100\CLM-2025-0020-ACC_SAFE_loss.pdf,C:\claims_agent\ClaimWise\ml\dataset\accident\rc_documents_100\CLM-2025-0020-ACC_SAFE_rc.pdf,C:\claims_agent\ClaimWise\ml\dataset\accident\dl_documents_100\CLM-2025-0020-ACC_SAFE_dl.pdf,,0.0422,0,2,1.0,1.0,1.0,1.0,1.0,1.0,0.0484,Low,1.0
accident,CLM-2025-0021,C:\claims_agent\ClaimWise\ml\dataset\accident\accord_form_100\CLM-2025-0021-ACC_SAFE_acord.pdf,C:\claims_agent\ClaimWise\ml\dataset\accident\police_reports_100\PR-10021-ACC_CLM-2025-0021-ACC_SAFE_police.pdf,C:\claims_agent\ClaimWise\ml\dataset\accident\loss_reports_100\CLM-2025-0021-ACC_SAFE_loss.pdf,C:\claims_agent\ClaimWise\ml\dataset\accident\rc_documents_100\CLM-2025-0021-ACC_SAFE_rc.pdf,C:\claims_agent\ClaimWise\ml\dataset\accident\dl_documents_100\CLM-2025-0021-ACC_SAFE_dl.pdf,,0.0259,0,1,1.0,1.0,1.0,1.0,1.0,1.0,0.0252,Low,1.0
accident,CLM-2025-0022,C:\claims_agent\ClaimWise\ml\dataset\accident\accord_form_100\CLM-2025-0022-ACC_SAFE_acord.pdf,C:\claims_agent\ClaimWise\ml\dataset\accident\police_reports_100\PR-10022-ACC_CLM-2025-0022-ACC_SAFE_police.pdf,C:\claims_agent\ClaimWise\ml\dataset\accident\loss_reports_100\CLM-2025-0022-ACC_SAFE_loss.pdf,C:\claims_agent\ClaimWise\ml\dataset\accident\rc_documents_100\CLM-2025-0022-ACC_SAFE_rc.pdf,C:\claims_agent\ClaimWise\ml\dataset\accident\dl_documents_100\CLM-2025-0022-ACC_SAFE_dl.pdf,,0.0136,0,1,1.0,1.0,1.0,1.0,1.0,1.0,0.0227,Low,1.0
accident,CLM-2025-0023,C:\claims_agent\ClaimWise\ml\dataset\accident\accord_form_100\CLM-2025-0023-ACC_SAFE_acord.pdf,C:\claims_agent\ClaimWise\ml\dataset\accident\police_reports_100\PR-10023-ACC_CLM-2025-0023-ACC_SAFE_police.pdf,C:\claims_agent\ClaimWise\ml\dataset\accident\loss_reports_100\CLM-2025-0023-ACC_SAFE_loss.pdf,C:\claims_agent\ClaimWise\ml\dataset\accident\rc_documents_100\CLM-2025-0023-ACC_SAFE_rc.pdf,C:\claims_agent\ClaimWise\ml\dataset\accident\dl_documents_100\CLM-2025-0023-ACC_SAFE_dl.pdf,,0.0462,0,0,1.0,1.0,1.0,1.0,1.0,1.0,0.0092,Low,1.0
accident,CLM-2025-0024,C:\claims_agent\ClaimWise\ml\dataset\accident\accord_form_100\CLM-2025-0024-ACC_SAFE_acord.pdf,C:\claims_agent\ClaimWise\ml\dataset\accident\police_reports_100\PR-10024-ACC_CLM-2025-0024-ACC_SAFE_police.pdf,C:\claims_agent\ClaimWise\ml\dataset\accident\loss_reports_100\CLM-2025-0024-ACC_SAFE_loss.pdf,C:\claims_agent\ClaimWise\ml\dataset\accident\rc_documents_100\CLM-2025-0024-ACC_SAFE_rc.pdf,C:\claims_agent\ClaimWise\ml\dataset\accident\dl_documents_100\CLM-2025-0024-ACC_SAFE_dl.pdf,,0.0239,0,2,1.0,1.0,1.0,1.0,1.0,1.0,0.0448,Low,1.0
accident,CLM-2025-0025,C:\claims_agent\ClaimWise\ml\dataset\accident\accord_form_100\CLM-2025-0025-ACC_SAFE_acord.pdf,C:\claims_agent\ClaimWise\ml\dataset\accident\police_reports_100\PR-10025-ACC_CLM-2025-0025-ACC_SAFE_police.pdf,C:\claims_agent\ClaimWise\ml\dataset\accident\loss_reports_100\CLM-2025-0025-ACC_SAFE_loss.pdf,C:\claims_agent\ClaimWise\ml\dataset\accident\rc_documents_100\CLM-2025-0025-ACC_SAFE_rc.pdf,C:\claims_agent\ClaimWise\ml\dataset\accident\dl_documents_100\CLM-2025-0025-ACC_SAFE_dl.pdf,,0.0259,0,0,1.0,1.0,1.0,1.0,1.0,1.0,0.0052,Low,1.0
accident,CLM-2025-0026,C:\claims_agent\ClaimWise\ml\dataset\accident\accord_form_100\CLM-2025-0026-ACC_SAFE_acord.pdf,C:\claims_agent\ClaimWise\ml\dataset\accident\police_reports_100\PR-10026-ACC_CLM-2025-0026-ACC_SAFE_police.pdf,C:\claims_agent\ClaimWise\ml\dataset\accident\loss_reports_100\CLM-2025-0026-ACC_SAFE_loss.pdf,C:\claims_agent\ClaimWise\ml\dataset\accident\rc_documents_100\CLM-2025-0026-ACC_SAFE_rc.pdf,C:\claims_agent\ClaimWise\ml\dataset\accident\dl_documents_100\CLM-2025-0026-ACC_SAFE_dl.pdf,,0.004,0,0,1.0,1.0,1.0,1.0,1.0,1.0,0.0008,Low,1.0
accident,CLM-2025-0027,C:\claims_agent\ClaimWise\ml\dataset\accident\accord_form_100\CLM-2025-0027-ACC_SAFE_acord.pdf,C:\claims_agent\ClaimWise\ml\dataset\accident\police_reports_100\PR-10027-ACC_CLM-2025-0027-ACC_SAFE_police.pdf,C:\claims_agent\ClaimWise\ml\dataset\accident\loss_reports_100\CLM-2025-0027-ACC_SAFE_loss.pdf,C:\claims_agent\ClaimWise\ml\dataset\accident\rc_documents_100\CLM-2025-0027-ACC_SAFE_rc.pdf,C:\claims_agent\ClaimWise\ml\dataset\accident\dl_documents_100\CLM-2025-0027-ACC_SAFE_dl.pdf,,0.0179,0,2,1.0,1.0,1.0,1.0,1.0,1.0,0.0436,Low,1.0
accident,CLM-2025-0028,C:\claims_agent\ClaimWise\ml\dataset\accident\accord_form_100\CLM-2025-0028-ACC_SAFE_acord.pdf,C:\claims_agent\ClaimWise\ml\dataset\accident\police_reports_100\PR-10028-ACC_CLM-2025-0028-ACC_SAFE_police.pdf,C:\claims_agent\ClaimWise\ml\dataset\accident\loss_reports_100\CLM-2025-0028-ACC_SAFE_loss.pdf,C:\claims_agent\ClaimWise\ml\dataset\accident\rc_documents_100\CLM-2025-0028-ACC_SAFE_rc.pdf,C:\claims_agent\ClaimWise\ml\dataset\accident\dl_documents_100\CLM-2025-0028-ACC_SAFE_dl.pdf,,0.0037,0,1,1.0,1.0,1.0,1.0,1.0,1.0,0.0207,Low,1.0
accident,CLM-2025-0029,C:\claims_agent\ClaimWise\ml\dataset\accident\accord_form_100\CLM-2025-0029-ACC_SAFE_acord.pdf,C:\claims_agent\ClaimWise\ml\dataset\accident\police_reports_100\PR-10029-ACC_CLM-2025-0029-ACC_SAFE_police.pdf,C:\claims_agent\ClaimWise\ml\dataset\accident\loss_reports_100\CLM-2025-0029-ACC_SAFE_loss.pdf,C:\claims_agent\ClaimWise\ml\dataset\accident\rc_documents_100\CLM-2025-0029-ACC_SAFE_rc.pdf,C:\claims_agent\ClaimWise\ml\dataset\accident\dl_documents_100\CLM-2025-0029-ACC_SAFE_dl.pdf,,0.0327,0,0,1.0,1.0,1.0,1.0,1.0,1.0,0.0065,Low,1.0
accident,CLM-2025-0030,C:\claims_agent\ClaimWise\ml\dataset\accident\accord_form_100\CLM-2025-0030-ACC_SAFE_acord.pdf,C:\claims_agent\ClaimWise\ml\dataset\accident\police_reports_100\PR-10030-ACC_CLM-2025-0030-ACC_SAFE_police.pdf,C:\claims_agent\ClaimWise\ml\dataset\accident\loss_reports_100\CLM-2025-0030-ACC_SAFE_loss.pdf,C:\claims_agent\ClaimWise\ml\dataset\accident\rc_documents_100\CLM-2025-0030-ACC_SAFE_rc.pdf,C:\claims_agent\ClaimWise\ml\dataset\accident\dl_documents_100\CLM-2025-0030-ACC_SAFE_dl.pdf,,0.0413,0,1,1.0,1.0,1.0,1.0,1.0,1.0,0.0283,Low,1.0
accident,CLM-2025-0031,C:\claims_agent\ClaimWise\ml\dataset\accident\accord_form_100\CLM-2025-0031-ACC_SAFE_acord.pdf,C:\claims_agent\ClaimWise\ml\dataset\accident\police_reports_100\PR-10031-ACC_CLM-2025-0031-ACC_SAFE_police.pdf,C:\claims_agent\ClaimWise\ml\dataset\accident\loss_reports_100\CLM-2025-0031-ACC_SAFE_loss.pdf,C:\claims_agent\ClaimWise\ml\dataset\accident\rc_documents_100\CLM-2025-0031-ACC_SAFE_rc.pdf,C:\claims_agent\ClaimWise\ml\dataset\accident\dl_documents_100\CLM-2025-0031-ACC_SAFE_dl.pdf,,0.0499,0,0,1.0,1.0,1.0,1.0,1.0,1.0,0.01,Low,1.0
accident,CLM-2025-0032,C:\claims_agent\ClaimWise\ml\dataset\accident\accord_form_100\CLM-2025-0032-ACC_SAFE_acord.pdf,C:\claims_agent\ClaimWise\ml\dataset\accident\police_reports_100\PR-10032-ACC_CLM-2025-0032-ACC_SAFE_police.pdf,C:\claims_agent\ClaimWise\ml\dataset\accident\loss_reports_100\CLM-2025-0032-ACC_SAFE_loss.pdf,C:\claims_agent\ClaimWise\ml\dataset\accident\rc_documents_100\CLM-2025-0032-ACC_SAFE_rc.pdf,C:\claims_agent\ClaimWise\ml\dataset\accident\dl_documents_100\CLM-2025-0032-ACC_SAFE_dl.pdf,,0.0132,0,0,1.0,1.0,1.0,1.0,1.0,1.0,0.0026,Low,1.0
accident,CLM-2025-0033,C:\claims_agent\ClaimWise\ml\dataset\accident\accord_form_100\CLM-2025-0033-ACC_SAFE_acord.pdf,C:\claims_agent\ClaimWise\ml\dataset\accident\police_reports_100\PR-10033-ACC_CLM-2025-0033-ACC_SAFE_police.pdf,C:\claims_agent\ClaimWise\ml\dataset\accident\loss_reports_100\CLM-2025-0033-ACC_SAFE_loss.pdf,C:\claims_agent\ClaimWise\ml\dataset\accident\rc_documents_100\CLM-2025-0033-ACC_SAFE_rc.pdf,C:\claims_agent\ClaimWise\ml\dataset\accident\dl_documents_100\CLM-2025-0033-ACC_SAFE_dl.pdf,,0.0,0,2,1.0,1.0,1.0,1.0,1.0,1.0,0.04,Low,1.0
accident,CLM-2025-0034,C:\claims_agent\ClaimWise\ml\dataset\accident\accord_form_100\CLM-2025-0034-ACC_SAFE_acord.pdf,C:\claims_agent\ClaimWise\ml\dataset\accident\police_reports_100\PR-10034-ACC_CLM-2025-0034-ACC_SAFE_police.pdf,C:\claims_agent\ClaimWise\ml\dataset\accident\loss_reports_100\CLM-2025-0034-ACC_SAFE_loss.pdf,C:\claims_agent\ClaimWise\ml\dataset\accident\rc_documents_100\CLM-2025-0034-ACC_SAFE_rc.pdf,C:\claims_agent\ClaimWise\ml\dataset\accident\dl_documents_100\CLM-2025-0034-ACC_SAFE_dl.pdf,,0.0189,0,2,1.0,1.0,1.0,1.0,1.0,1.0,0.0438,Low,1.0
accident,CLM-2025-0035,C:\claims_agent\ClaimWise\ml\dataset\accident\accord_form_100\CLM-2025-0035-ACC_SAFE_acord.pdf,C:\claims_agent\ClaimWise\ml\dataset\accident\police_reports_100\PR-10035-ACC_CLM-2025-0035-ACC_SAFE_police.pdf,C:\claims_agent\ClaimWise\ml\dataset\accident\loss_reports_100\CLM-2025-0035-ACC_SAFE_loss.pdf,C:\claims_agent\ClaimWise\ml\dataset\accident\rc_documents_100\CLM-2025-0035-ACC_SAFE_rc.pdf,C:\claims_agent\ClaimWise\ml\dataset\accident\dl_documents_100\CLM-2025-0035-ACC_SAFE_dl.pdf,,0.0382,0,1,1.0,1.0,1.0,1.0,1.0,1.0,0.0276,Low,1.0
accident,CLM-2025-0036,C:\claims_agent\ClaimWise\ml\dataset\accident\accord_form_100\CLM-2025-0036-ACC_SAFE_acord.pdf,C:\claims_agent\ClaimWise\ml\dataset\accident\police_reports_100\PR-10036-ACC_CLM-2025-0036-ACC_SAFE_police.pdf,C:\claims_agent\ClaimWise\ml\dataset\accident\loss_reports_100\CLM-2025-0036-ACC_SAFE_loss.pdf,C:\claims_agent\ClaimWise\ml\dataset\accident\rc_documents_100\CLM-2025-0036-ACC_SAFE_rc.pdf,C:\claims_agent\ClaimWise\ml\dataset\accident\dl_documents_100\CLM-2025-0036-ACC_SAFE_dl.pdf,,0.0462,0,2,1.0,1.0,1.0,1.0,1.0,1.0,0.0492,Low,1.0
accident,CLM-2025-0037,C:\claims_agent\ClaimWise\ml\dataset\accident\accord_form_100\CLM-2025-0037-ACC_SAFE_acord.pdf,C:\claims_agent\ClaimWise\ml\dataset\accident\police_reports_100\PR-10037-ACC_CLM-2025-0037-ACC_SAFE_police.pdf,C:\claims_agent\ClaimWise\ml\dataset\accident\loss_reports_100\CLM-2025-0037-ACC_SAFE_loss.pdf,C:\claims_agent\ClaimWise\ml\dataset\accident\rc_documents_100\CLM-2025-0037-ACC_SAFE_rc.pdf,C:\claims_agent\ClaimWise\ml\dataset\accident\dl_documents_100\CLM-2025-0037-ACC_SAFE_dl.pdf,,0.0,0,0,1.0,1.0,1.0,1.0,1.0,1.0,0.0,Low,1.0
accident,CLM-2025-0038,C:\claims_agent\ClaimWise\ml\dataset\accident\accord_form_100\CLM-2025-0038-ACC_SAFE_acord.pdf,C:\claims_agent\ClaimWise\ml\dataset\accident\police_reports_100\PR-10038-ACC_CLM-2025-0038-ACC_SAFE_police.pdf,C:\claims_agent\ClaimWise\ml\dataset\accident\loss_reports_100\CLM-2025-0038-ACC_SAFE_loss.pdf,C:\claims_agent\ClaimWise\ml\dataset\accident\rc_documents_100\CLM-2025-0038-ACC_SAFE_rc.pdf,C:\claims_agent\ClaimWise\ml\dataset\accident\dl_documents_100\CLM-2025-0038-ACC_SAFE_dl.pdf,,0.0359,0,1,1.0,1.0,1.0,1.0,1.0,1.0,0.0272,Low,1.0
accident,CLM-2025-0039,C:\claims_agent\ClaimWise\ml\dataset\accident\accord_form_100\CLM-2025-0039-ACC_SAFE_acord.pdf,C:\claims_agent\ClaimWise\ml\dataset\accident\police_reports_100\PR-10039-ACC_CLM-2025-0039-ACC_SAFE_police.pdf,C:\claims_agent\ClaimWise\ml\dataset\accident\loss_reports_100\CLM-2025-0039-ACC_SAFE_loss.pdf,C:\claims_agent\ClaimWise\ml\dataset\accident\rc_documents_100\CLM-2025-0039-ACC_SAFE_rc.pdf,C:\claims_agent\ClaimWise\ml\dataset\accident\dl_documents_100\CLM-2025-0039-ACC_SAFE_dl.pdf,,0.0327,0,0,1.0,1.0,1.0,1.0,1.0,1.0,0.0065,Low,1.0
accident,CLM-2025-0040,C:\claims_agent\ClaimWise\ml\dataset\accident\accord_form_100\CLM-2025-0040-ACC_SAFE_acord.pdf,C:\claims_agent\ClaimWise\ml\dataset\accident\police_reports_100\PR-10040-ACC_CLM-2025-0040-ACC_SAFE_police.pdf,C:\claims_agent\ClaimWise\ml\dataset\accident\loss_reports_100\CLM-2025-0040-ACC_SAFE_loss.pdf,C:\claims_agent\ClaimWise\ml\dataset\accident\rc_documents_100\CLM-2025-0040-ACC_SAFE_rc.pdf,C:\claims_agent\ClaimWise\ml\dataset\accident\dl_documents_100\CLM-2025-0040-ACC_SAFE_dl.pdf,,0.0287,0,0,1.0,1.0,1.0,1.0,1.0,1.0,0.0057,Low,1.0
accident,CLM-2025-0041,C:\claims_agent\ClaimWise\ml\dataset\accident\accord_form_100\CLM-2025-0041-ACC_SAFE_acord.pdf,C:\claims_agent\ClaimWise\ml\dataset\accident\police_reports_100\PR-10041-ACC_CLM-2025-0041-ACC_SAFE_police.pdf,C:\claims_agent\ClaimWise\ml\dataset\accident\loss_reports_100\CLM-2025-0041-ACC_SAFE_loss.pdf,C:\claims_agent\ClaimWise\ml\dataset\accident\rc_documents_100\CLM-2025-0041-ACC_SAFE_rc.pdf,C:\claims_agent\ClaimWise\ml\dataset\accident\dl_documents_100\CLM-2025-0041-ACC_SAFE_dl.pdf,,0.0142,0,0,1.0,1.0,1.0,1.0,1.0,1.0,0.0028,Low,1.0
accident,CLM-2025-0042,C:\claims_agent\ClaimWise\ml\dataset\accident\accord_form_100\CLM-2025-0042-ACC_SAFE_acord.pdf,C:\claims_agent\ClaimWise\ml\dataset\accident\police_reports_100\PR-10042-ACC_CLM-2025-0042-ACC_SAFE_police.pdf,C:\claims_agent\ClaimWise\ml\dataset\accident\loss_reports_100\CLM-2025-0042-ACC_SAFE_loss.pdf,C:\claims_agent\ClaimWise\ml\dataset\accident\rc_documents_100\CLM-2025-0042-ACC_SAFE_rc.pdf,C:\claims_agent\ClaimWise\ml\dataset\accident\dl_documents_100\CLM-2025-0042-ACC_SAFE_dl.pdf,,0.0079,0,1,1.0,1.0,1.0,1.0,1.0,1.0,0.0216,Low,1.0
accident,CLM-2025-0043,C:\claims_agent\ClaimWise\ml\dataset\accident\accord_form_100\CLM-2025-0043-ACC_SAFE_acord.pdf,C:\claims_agent\ClaimWise\ml\dataset\accident\police_reports_100\PR-10043-ACC_CLM-2025-0043-ACC_SAFE_police.pdf,C:\claims_agent\ClaimWise\ml\dataset\accident\loss_reports_100\CLM-2025-0043-ACC_SAFE_loss.pdf,C:\claims_agent\ClaimWise\ml\dataset\accident\rc_documents_100\CLM-2025-0043-ACC_SAFE_rc.pdf,C:\claims_agent\ClaimWise\ml\dataset\accident\dl_documents_100\CLM-2025-0043-ACC_SAFE_dl.pdf,,0.0038,0,1,1.0,1.0,1.0,1.0,1.0,1.0,0.0208,Low,1.0
accident,CLM-2025-0044,C:\claims_agent\ClaimWise\ml\dataset\accident\accord_form_100\CLM-2025-0044-ACC_SAFE_acord.pdf,C:\claims_agent\ClaimWise\ml\dataset\accident\police_reports_100\PR-10044-ACC_CLM-2025-0044-ACC_SAFE_police.pdf,C:\claims_agent\ClaimWise\ml\dataset\accident\loss_reports_100\CLM-2025-0044-ACC_SAFE_loss.pdf,C:\claims_agent\ClaimWise\ml\dataset\accident\rc_documents_100\CLM-2025-0044-ACC_SAFE_rc.pdf,C:\claims_agent\ClaimWise\ml\dataset\accident\dl_documents_100\CLM-2025-0044-ACC_SAFE_dl.pdf,,0.0268,0,1,1.0,1.0,1.0,1.0,1.0,1.0,0.0254,Low,1.0
accident,CLM-2025-0045,C:\claims_agent\ClaimWise\ml\dataset\accident\accord_form_100\CLM-2025-0045-ACC_SAFE_acord.pdf,C:\claims_agent\ClaimWise\ml\dataset\accident\police_reports_100\PR-10045-ACC_CLM-2025-0045-ACC_SAFE_police.pdf,C:\claims_agent\ClaimWise\ml\dataset\accident\loss_reports_100\CLM-2025-0045-ACC_SAFE_loss.pdf,C:\claims_agent\ClaimWise\ml\dataset\accident\rc_documents_100\CLM-2025-0045-ACC_SAFE_rc.pdf,C:\claims_agent\ClaimWise\ml\dataset\accident\dl_documents_100\CLM-2025-0045-ACC_SAFE_dl.pdf,,0.0052,0,2,1.0,1.0,1.0,1.0,1.0,1.0,0.041,Low,1.0
accident,CLM-2025-0046,C:\claims_agent\ClaimWise\ml\dataset\accident\accord_form_100\CLM-2025-0046-ACC_SAFE_acord.pdf,C:\claims_agent\ClaimWise\ml\dataset\accident\police_reports_100\PR-10046-ACC_CLM-2025-0046-ACC_SAFE_police.pdf,C:\claims_agent\ClaimWise\ml\dataset\accident\loss_reports_100\CLM-2025-0046-ACC_SAFE_loss.pdf,C:\claims_agent\ClaimWise\ml\dataset\accident\rc_documents_100\CLM-2025-0046-ACC_SAFE_rc.pdf,C:\claims_agent\ClaimWise\ml\dataset\accident\dl_documents_100\CLM-2025-0046-ACC_SAFE_dl.pdf,,0.0152,0,1,1.0,1.0,1.0,1.0,1.0,1.0,0.023,Low,1.0
accident,CLM-2025-0047,C:\claims_agent\ClaimWise\ml\dataset\accident\accord_form_100\CLM-2025-0047-ACC_SAFE_acord.pdf,C:\claims_agent\ClaimWise\ml\dataset\accident\police_reports_100\PR-10047-ACC_CLM-2025-0047-ACC_SAFE_police.pdf,C:\claims_agent\ClaimWise\ml\dataset\accident\loss_reports_100\CLM-2025-0047-ACC_SAFE_loss.pdf,C:\claims_agent\ClaimWise\ml\dataset\accident\rc_documents_100\CLM-2025-0047-ACC_SAFE_rc.pdf,C:\claims_agent\ClaimWise\ml\dataset\accident\dl_documents_100\CLM-2025-0047-ACC_SAFE_dl.pdf,,0.0408,0,0,1.0,1.0,1.0,1.0,1.0,1.0,0.0082,Low,1.0
accident,CLM-2025-0048,C:\claims_agent\ClaimWise\ml\dataset\accident\accord_form_100\CLM-2025-0048-ACC_SAFE_acord.pdf,C:\claims_agent\ClaimWise\ml\dataset\accident\police_reports_100\PR-10048-ACC_CLM-2025-0048-ACC_SAFE_police.pdf,C:\claims_agent\ClaimWise\ml\dataset\accident\loss_reports_100\CLM-2025-0048-ACC_SAFE_loss.pdf,C:\claims_agent\ClaimWise\ml\dataset\accident\rc_documents_100\CLM-2025-0048-ACC_SAFE_rc.pdf,C:\claims_agent\ClaimWise\ml\dataset\accident\dl_documents_100\CLM-2025-0048-ACC_SAFE_dl.pdf,,0.0335,0,0,1.0,1.0,1.0,1.0,1.0,1.0,0.0067,Low,1.0
accident,CLM-2025-0049,C:\claims_agent\ClaimWise\ml\dataset\accident\accord_form_100\CLM-2025-0049-ACC_SAFE_acord.pdf,C:\claims_agent\ClaimWise\ml\dataset\accident\police_reports_100\PR-10049-ACC_CLM-2025-0049-ACC_SAFE_police.pdf,C:\claims_agent\ClaimWise\ml\dataset\accident\loss_reports_100\CLM-2025-0049-ACC_SAFE_loss.pdf,C:\claims_agent\ClaimWise\ml\dataset\accident\rc_documents_100\CLM-2025-0049-ACC_SAFE_rc.pdf,C:\claims_agent\ClaimWise\ml\dataset\accident\dl_documents_100\CLM-2025-0049-ACC_SAFE_dl.pdf,,0.0355,0,1,1.0,1.0,1.0,1.0,1.0,1.0,0.0271,Low,1.0
accident,CLM-2025-0050,C:\claims_agent\ClaimWise\ml\dataset\accident\accord_form_100\CLM-2025-0050-ACC_SAFE_acord.pdf,C:\claims_agent\ClaimWise\ml\dataset\accident\police_reports_100\PR-10050-ACC_CLM-2025-0050-ACC_SAFE_police.pdf,C:\claims_agent\ClaimWise\ml\dataset\accident\loss_reports_100\CLM-2025-0050-ACC_SAFE_loss.pdf,C:\claims_agent\ClaimWise\ml\dataset\accident\rc_documents_100\CLM-2025-0050-ACC_SAFE_rc.pdf,C:\claims_agent\ClaimWise\ml\dataset\accident\dl_documents_100\CLM-2025-0050-ACC_SAFE_dl.pdf,,0.003,0,0,1.0,1.0,1.0,1.0,1.0,1.0,0.0006,Low,1.0
accident,CLM-2025-0051,C:\claims_agent\ClaimWise\ml\dataset\accident\accord_form_100\CLM-2025-0051-ACC_SAFE_acord.pdf,C:\claims_agent\ClaimWise\ml\dataset\accident\police_reports_100\PR-10051-ACC_CLM-2025-0051-ACC_SAFE_police.pdf,C:\claims_agent\ClaimWise\ml\dataset\accident\loss_reports_100\CLM-2025-0051-ACC_SAFE_loss.pdf,C:\claims_agent\ClaimWise\ml\dataset\accident\rc_documents_100\CLM-2025-0051-ACC_SAFE_rc.pdf,C:\claims_agent\ClaimWise\ml\dataset\accident\dl_documents_100\CLM-2025-0051-ACC_SAFE_dl.pdf,,0.0093,0,0,1.0,1.0,1.0,1.0,1.0,1.0,0.0019,Low,1.0
accident,CLM-2025-0052,C:\claims_agent\ClaimWise\ml\dataset\accident\accord_form_100\CLM-2025-0052-ACC_SAFE_acord.pdf,C:\claims_agent\ClaimWise\ml\dataset\accident\police_reports_100\PR-10052-ACC_CLM-2025-0052-ACC_SAFE_police.pdf,C:\claims_agent\ClaimWise\ml\dataset\accident\loss_reports_100\CLM-2025-0052-ACC_SAFE_loss.pdf,C:\claims_agent\ClaimWise\ml\dataset\accident\rc_documents_100\CLM-2025-0052-ACC_SAFE_rc.pdf,C:\claims_agent\ClaimWise\ml\dataset\accident\dl_documents_100\CLM-2025-0052-ACC_SAFE_dl.pdf,,0.0381,0,2,1.0,1.0,1.0,1.0,1.0,1.0,0.0476,Low,1.0
accident,CLM-2025-0053,C:\claims_agent\ClaimWise\ml\dataset\accident\accord_form_100\CLM-2025-0053-ACC_SAFE_acord.pdf,C:\claims_agent\ClaimWise\ml\dataset\accident\police_reports_100\PR-10053-ACC_CLM-2025-0053-ACC_SAFE_police.pdf,C:\claims_agent\ClaimWise\ml\dataset\accident\loss_reports_100\CLM-2025-0053-ACC_SAFE_loss.pdf,C:\claims_agent\ClaimWise\ml\dataset\accident\rc_documents_100\CLM-2025-0053-ACC_SAFE_rc.pdf,C:\claims_agent\ClaimWise\ml\dataset\accident\dl_documents_100\CLM-2025-0053-ACC_SAFE_dl.pdf,,0.007,0,1,1.0,1.0,1.0,1.0,1.0,1.0,0.0214,Low,1.0
accident,CLM-2025-0054,C:\claims_agent\ClaimWise\ml\dataset\accident\accord_form_100\CLM-2025-0054-ACC_SAFE_acord.pdf,C:\claims_agent\ClaimWise\ml\dataset\accident\police_reports_100\PR-10054-ACC_CLM-2025-0054-ACC_SAFE_police.pdf,C:\claims_agent\ClaimWise\ml\dataset\accident\loss_reports_100\CLM-2025-0054-ACC_SAFE_loss.pdf,C:\claims_agent\ClaimWise\ml\dataset\accident\rc_documents_100\CLM-2025-0054-ACC_SAFE_rc.pdf,C:\claims_agent\ClaimWise\ml\dataset\accident\dl_documents_100\CLM-2025-0054-ACC_SAFE_dl.pdf,,0.0137,0,1,1.0,1.0,1.0,1.0,1.0,1.0,0.0227,Low,1.0
accident,CLM-2025-0055,C:\claims_agent\ClaimWise\ml\dataset\accident\accord_form_100\CLM-2025-0055-ACC_SAFE_acord.pdf,C:\claims_agent\ClaimWise\ml\dataset\accident\police_reports_100\PR-10055-ACC_CLM-2025-0055-ACC_SAFE_police.pdf,C:\claims_agent\ClaimWise\ml\dataset\accident\loss_reports_100\CLM-2025-0055-ACC_SAFE_loss.pdf,C:\claims_agent\ClaimWise\ml\dataset\accident\rc_documents_100\CLM-2025-0055-ACC_SAFE_rc.pdf,C:\claims_agent\ClaimWise\ml\dataset\accident\dl_documents_100\CLM-2025-0055-ACC_SAFE_dl.pdf,,0.0256,0,1,1.0,1.0,1.0,1.0,1.0,1.0,0.0251,Low,1.0
accident,CLM-2025-0056,C:\claims_agent\ClaimWise\ml\dataset\accident\accord_form_100\CLM-2025-0056-ACC_SAFE_acord.pdf,C:\claims_agent\ClaimWise\ml\dataset\accident\police_reports_100\PR-10056-ACC_CLM-2025-0056-ACC_SAFE_police.pdf,C:\claims_agent\ClaimWise\ml\dataset\accident\loss_reports_100\CLM-2025-0056-ACC_SAFE_loss.pdf,C:\claims_agent\ClaimWise\ml\dataset\accident\rc_documents_100\CLM-2025-0056-ACC_SAFE_rc.pdf,C:\claims_agent\ClaimWise\ml\dataset\accident\dl_documents_100\CLM-2025-0056-ACC_SAFE_dl.pdf,,0.0122,0,1,1.0,1.0,1.0,1.0,1.0,1.0,0.0224,Low,1.0
accident,CLM-2025-0057,C:\claims_agent\ClaimWise\ml\dataset\accident\accord_form_100\CLM-2025-0057-ACC_SAFE_acord.pdf,C:\claims_agent\ClaimWise\ml\dataset\accident\police_reports_100\PR-10057-ACC_CLM-2025-0057-ACC_SAFE_police.pdf,C:\claims_agent\ClaimWise\ml\dataset\accident\loss_reports_100\CLM-2025-0057-ACC_SAFE_loss.pdf,C:\claims_agent\ClaimWise\ml\dataset\accident\rc_documents_100\CLM-2025-0057-ACC_SAFE_rc.pdf,C:\claims_agent\ClaimWise\ml\dataset\accident\dl_documents_100\CLM-2025-0057-ACC_SAFE_dl.pdf,,0.0,0,1,1.0,1.0,1.0,1.0,1.0,1.0,0.02,Low,1.0
accident,CLM-2025-0058,C:\claims_agent\ClaimWise\ml\dataset\accident\accord_form_100\CLM-2025-0058-ACC_SAFE_acord.pdf,C:\claims_agent\ClaimWise\ml\dataset\accident\police_reports_100\PR-10058-ACC_CLM-2025-0058-ACC_SAFE_police.pdf,C:\claims_agent\ClaimWise\ml\dataset\accident\loss_reports_100\CLM-2025-0058-ACC_SAFE_loss.pdf,C:\claims_agent\ClaimWise\ml\dataset\accident\rc_documents_100\CLM-2025-0058-ACC_SAFE_rc.pdf,C:\claims_agent\ClaimWise\ml\dataset\accident\dl_documents_100\CLM-2025-0058-ACC_SAFE_dl.pdf,,0.0286,0,0,1.0,1.0,1.0,1.0,1.0,1.0,0.0057,Low,1.0
accident,CLM-2025-0059,C:\claims_agent\ClaimWise\ml\dataset\accident\accord_form_100\CLM-2025-0059-ACC_SAFE_acord.pdf,C:\claims_agent\ClaimWise\ml\dataset\accident\police_reports_100\PR-10059-ACC_CLM-2025-0059-ACC_SAFE_police.pdf,C:\claims_agent\ClaimWise\ml\dataset\accident\loss_reports_100\CLM-2025-0059-ACC_SAFE_loss.pdf,C:\claims_agent\ClaimWise\ml\dataset\accident\rc_documents_100\CLM-2025-0059-ACC_SAFE_rc.pdf,C:\claims_agent\ClaimWise\ml\dataset\accident\dl_documents_100\CLM-2025-0059-ACC_SAFE_dl.pdf,,0.0358,0,1,1.0,1.0,1.0,1.0,1.0,1.0,0.0272,Low,1.0
accident,CLM-2025-0060,C:\claims_agent\ClaimWise\ml\dataset\accident\accord_form_100\CLM-2025-0060-ACC_SAFE_acord.pdf,C:\claims_agent\ClaimWise\ml\dataset\accident\police_reports_100\PR-10060-ACC_CLM-2025-0060-ACC_SAFE_police.pdf,C:\claims_agent\ClaimWise\ml\dataset\accident\loss_reports_100\CLM-2025-0060-ACC_SAFE_loss.pdf,C:\claims_agent\ClaimWise\ml\dataset\accident\rc_documents_100\CLM-2025-0060-ACC_SAFE_rc.pdf,C:\claims_agent\ClaimWise\ml\dataset\accident\dl_documents_100\CLM-2025-0060-ACC_SAFE_dl.pdf,,0.0352,0,0,1.0,1.0,1.0,1.0,1.0,1.0,0.007,Low,1.0
accident,CLM-2025-0061,C:\claims_agent\ClaimWise\ml\dataset\accident\accord_form_100\CLM-2025-0061-ACC_SAFE_acord.pdf,C:\claims_agent\ClaimWise\ml\dataset\accident\police_reports_100\PR-10061-ACC_CLM-2025-0061-ACC_SAFE_police.pdf,C:\claims_agent\ClaimWise\ml\dataset\accident\loss_reports_100\CLM-2025-0061-ACC_SAFE_loss.pdf,C:\claims_agent\ClaimWise\ml\dataset\accident\rc_documents_100\CLM-2025-0061-ACC_SAFE_rc.pdf,C:\claims_agent\ClaimWise\ml\dataset\accident\dl_documents_100\CLM-2025-0061-ACC_SAFE_dl.pdf,,0.0459,0,2,1.0,1.0,1.0,1.0,1.0,1.0,0.0492,Low,1.0
accident,CLM-2025-0062,C:\claims_agent\ClaimWise\ml\dataset\accident\accord_form_100\CLM-2025-0062-ACC_SAFE_acord.pdf,C:\claims_agent\ClaimWise\ml\dataset\accident\police_reports_100\PR-10062-ACC_CLM-2025-0062-ACC_SAFE_police.pdf,C:\claims_agent\ClaimWise\ml\dataset\accident\loss_reports_100\CLM-2025-0062-ACC_SAFE_loss.pdf,C:\claims_agent\ClaimWise\ml\dataset\accident\rc_documents_100\CLM-2025-0062-ACC_SAFE_rc.pdf,C:\claims_agent\ClaimWise\ml\dataset\accident\dl_documents_100\CLM-2025-0062-ACC_SAFE_dl.pdf,,0.0336,0,0,1.0,1.0,1.0,1.0,1.0,1.0,0.0067,Low,1.0
accident,CLM-2025-0063,C:\claims_agent\ClaimWise\ml\dataset\accident\accord_form_100\CLM-2025-0063-ACC_SAFE_acord.pdf,C:\claims_agent\ClaimWise\ml\dataset\accident\police_reports_100\PR-10063-ACC_CLM-2025-0063-ACC_SAFE_police.pdf,C:\claims_agent\ClaimWise\ml\dataset\accident\loss_reports_100\CLM-2025-0063-ACC_SAFE_loss.pdf,C:\claims_agent\ClaimWise\ml\dataset\accident\rc_documents_100\CLM-2025-0063-ACC_SAFE_rc.pdf,C:\claims_agent\ClaimWise\ml\dataset\accident\dl_documents_100\CLM-2025-0063-ACC_SAFE_dl.pdf,,0.0319,0,2,1.0,1.0,1.0,1.0,1.0,1.0,0.0464,Low,1.0
accident,CLM-2025-0064,C:\claims_agent\ClaimWise\ml\dataset\accident\accord_form_100\CLM-2025-0064-ACC_SAFE_acord.pdf,C:\claims_agent\ClaimWise\ml\dataset\accident\police_reports_100\PR-10064-ACC_CLM-2025-0064-ACC_SAFE_police.pdf,C:\claims_agent\ClaimWise\ml\dataset\accident\loss_reports_100\CLM-2025-0064-ACC_SAFE_loss.pdf,C:\claims_agent\ClaimWise\ml\dataset\accident\rc_documents_100\CLM-2025-0064-ACC_SAFE_rc.pdf,C:\claims_agent\ClaimWise\ml\dataset\accident\dl_documents_100\CLM-2025-0064-ACC_SAFE_dl.pdf,,0.0319,0,2,1.0,1.0,1.0,1.0,1.0,1.0,0.0464,Low,1.0
accident,CLM-2025-0065,C:\claims_agent\ClaimWise\ml\dataset\accident\accord_form_100\CLM-2025-0065-ACC_SAFE_acord.pdf,C:\claims_agent\ClaimWise\ml\dataset\accident\police_reports_100\PR-10065-ACC_CLM-2025-0065-ACC_SAFE_police.pdf,C:\claims_agent\ClaimWise\ml\dataset\accident\loss_reports_100\CLM-2025-0065-ACC_SAFE_loss.pdf,C:\claims_agent\ClaimWise\ml\dataset\accident\rc_documents_100\CLM-2025-0065-ACC_SAFE_rc.pdf,C:\claims_agent\ClaimWise\ml\dataset\accident\dl_documents_100\CLM-2025-0065-ACC_SAFE_dl.pdf,,0.0417,0,0,1.0,1.0,1.0,1.0,1.0,1.0,0.0083,Low,1.0
accident,CLM-2025-0066,C:\claims_agent\ClaimWise\ml\dataset\accident\accord_form_100\CLM-2025-0066-ACC_SAFE_acord.pdf,C:\claims_agent\ClaimWise\ml\dataset\accident\police_reports_100\PR-10066-ACC_CLM-2025-0066-ACC_SAFE_police.pdf,C:\claims_agent\ClaimWise\ml\dataset\accident\loss_reports_100\CLM-2025-0066-ACC_SAFE_loss.pdf,C:\claims_agent\ClaimWise\ml\dataset\accident\rc_documents_100\CLM-2025-0066-ACC_SAFE_rc.pdf,C:\claims_agent\ClaimWise\ml\dataset\accident\dl_documents_100\CLM-2025-0066-ACC_SAFE_dl.pdf,,0.0192,0,2,1.0,1.0,1.0,1.0,1.0,1.0,0.0438,Low,1.0
accident,CLM-2025-0067,C:\claims_agent\ClaimWise\ml\dataset\accident\accord_form_100\CLM-2025-0067-ACC_SAFE_acord.pdf,C:\claims_agent\ClaimWise\ml\dataset\accident\police_reports_100\PR-10067-ACC_CLM-2025-0067-ACC_SAFE_police.pdf,C:\claims_agent\ClaimWise\ml\dataset\accident\loss_reports_100\CLM-2025-0067-ACC_SAFE_loss.pdf,C:\claims_agent\ClaimWise\ml\dataset\accident\rc_documents_100\CLM-2025-0067-ACC_SAFE_rc.pdf,C:\claims_agent\ClaimWise\ml\dataset\accident\dl_documents_100\CLM-2025-0067-ACC_SAFE_dl.pdf,,0.0,0,0,1.0,1.0,1.0,1.0,1.0,1.0,0.0,Low,1.0
accident,CLM-2025-0068,C:\claims_agent\ClaimWise\ml\dataset\accident\accord_form_100\CLM-2025-0068-ACC_SAFE_acord.pdf,C:\claims_agent\ClaimWise\ml\dataset\accident\police_reports_100\PR-10068-ACC_CLM-2025-0068-ACC_SAFE_police.pdf,C:\claims_agent\ClaimWise\ml\dataset\accident\loss_reports_100\CLM-2025-0068-ACC_SAFE_loss.pdf,C:\claims_agent\ClaimWise\ml\dataset\accident\rc_documents_100\CLM-2025-0068-ACC_SAFE_rc.pdf,C:\claims_agent\ClaimWise\ml\dataset\accident\dl_documents_100\CLM-2025-0068-ACC_SAFE_dl.pdf,,0.0194,0,2,1.0,1.0,1.0,1.0,1.0,1.0,0.0439,Low,1.0
accident,CLM-2025-0069,C:\claims_agent\ClaimWise\ml\dataset\accident\accord_form_100\CLM-2025-0069-ACC_SAFE_acord.pdf,C:\claims_agent\ClaimWise\ml\dataset\accident\police_reports_100\PR-10069-ACC_CLM-2025-0069-ACC_SAFE_police.pdf,C:\claims_agent\ClaimWise\ml\dataset\accident\loss_reports_100\CLM-2025-0069-ACC_SAFE_loss.pdf,C:\claims_agent\ClaimWise\ml\dataset\accident\rc_documents_100\CLM-2025-0069-ACC_SAFE_rc.pdf,C:\claims_agent\ClaimWise\ml\dataset\accident\dl_documents_100\CLM-2025-0069-ACC_SAFE_dl.pdf,,0.0179,0,2,1.0,1.0,1.0,1.0,1.0,1.0,0.0436,Low,1.0
accident,CLM-2025-0070,C:\claims_agent\ClaimWise\ml\dataset\accident\accord_form_100\CLM-2025-0070-ACC_SAFE_acord.pdf,C:\claims_agent\ClaimWise\ml\dataset\accident\police_reports_100\PR-10070-ACC_CLM-2025-0070-ACC_SAFE_police.pdf,C:\claims_agent\ClaimWise\ml\dataset\accident\loss_reports_100\CLM-2025-0070-ACC_SAFE_loss.pdf,C:\claims_agent\ClaimWise\ml\dataset\accident\rc_documents_100\CLM-2025-0070-ACC_SAFE_rc.pdf,C:\claims_agent\ClaimWise\ml\dataset\accident\dl_documents_100\CLM-2025-0070-ACC_SAFE_dl.pdf,,0.0366,0,0,1.0,1.0,1.0,1.0,1.0,1.0,0.0073,Low,1.0
accident,CLM-2025-0071,C:\claims_agent\ClaimWise\ml\dataset\accident\accord_form_100\CLM-2025-0071-ACC_SAFE_acord.pdf,C:\claims_agent\ClaimWise\ml\dataset\accident\police_reports_100\PR-10071-ACC_CLM-2025-0071-ACC_SAFE_police.pdf,C:\claims_agent\ClaimWise\ml\dataset\accident\loss_reports_100\CLM-2025-0071-ACC_SAFE_loss.pdf,C:\claims_agent\ClaimWise\ml\dataset\accident\rc_documents_100\CLM-2025-0071-ACC_SAFE_rc.pdf,C:\claims_agent\ClaimWise\ml\dataset\accident\dl_documents_100\CLM-2025-0071-ACC_SAFE_dl.pdf,,0.0042,0,2,1.0,1.0,1.0,1.0,1.0,1.0,0.0408,Low,1.0
accident,CLM-2025-0072,C:\claims_agent\ClaimWise\ml\dataset\accident\accord_form_100\CLM-2025-0072-ACC_SAFE_acord.pdf,C:\claims_agent\ClaimWise\ml\dataset\accident\police_reports_100\PR-10072-ACC_CLM-2025-0072-ACC_SAFE_police.pdf,C:\claims_agent\ClaimWise\ml\dataset\accident\loss_reports_100\CLM-2025-0072-ACC_SAFE_loss.pdf,C:\claims_agent\ClaimWise\ml\dataset\accident\rc_documents_100\CLM-2025-0072-ACC_SAFE_rc.pdf,C:\claims_agent\ClaimWise\ml\dataset\accident\dl_documents_100\CLM-2025-0072-ACC_SAFE_dl.pdf,,0.0043,0,2,1.0,1.0,1.0,1.0,1.0,1.0,0.0409,Low,1.0
accident,CLM-2025-0073,C:\claims_agent\ClaimWise\ml\dataset\accident\accord_form_100\CLM-2025-0073-ACC_SAFE_acord.pdf,C:\claims_agent\ClaimWise\ml\dataset\accident\police_reports_100\PR-10073-ACC_CLM-2025-0073-ACC_SAFE_police.pdf,C:\claims_agent\ClaimWise\ml\dataset\accident\loss_reports_100\CLM-2025-0073-ACC_SAFE_loss.pdf,C:\claims_agent\ClaimWise\ml\dataset\accident\rc_documents_100\CLM-2025-0073-ACC_SAFE_rc.pdf,C:\claims_agent\ClaimWise\ml\dataset\accident\dl_documents_100\CLM-2025-0073-ACC_SAFE_dl.pdf,,0.0349,0,0,1.0,1.0,1.0,1.0,1.0,1.0,0.007,Low,1.0
accident,CLM-2025-0074,C:\claims_agent\ClaimWise\ml\dataset\accident\accord_form_100\CLM-2025-0074-ACC_SAFE_acord.pdf,C:\claims_agent\ClaimWise\ml\dataset\accident\police_reports_100\PR-10074-ACC_CLM-2025-0074-ACC_SAFE_police.pdf,C:\claims_agent\ClaimWise\ml\dataset\accident\loss_reports_100\CLM-2025-0074-ACC_SAFE_loss.pdf,C:\claims_agent\ClaimWise\ml\dataset\accident\rc_documents_100\CLM-2025-0074-ACC_SAFE_rc.pdf,C:\claims_agent\ClaimWise\ml\dataset\accident\dl_documents_100\CLM-2025-0074-ACC_SAFE_dl.pdf,,0.0479,0,1,1.0,1.0,1.0,1.0,1.0,1.0,0.0296,Low,1.0
accident,CLM-2025-0075,C:\claims_agent\ClaimWise\ml\dataset\accident\accord_form_100\CLM-2025-0075-ACC_SAFE_acord.pdf,C:\claims_agent\ClaimWise\ml\dataset\accident\police_reports_100\PR-10075-ACC_CLM-2025-0075-ACC_SAFE_police.pdf,C:\claims_agent\ClaimWise\ml\dataset\accident\loss_reports_100\CLM-2025-0075-ACC_SAFE_loss.pdf,C:\claims_agent\ClaimWise\ml\dataset\accident\rc_documents_100\CLM-2025-0075-ACC_SAFE_rc.pdf,C:\claims_agent\ClaimWise\ml\dataset\accident\dl_documents_100\CLM-2025-0075-ACC_SAFE_dl.pdf,,0.0278,0,2,1.0,1.0,1.0,1.0,1.0,1.0,0.0456,Low,1.0
accident,CLM-2025-0076,C:\claims_agent\ClaimWise\ml\dataset\accident\accord_form_100\CLM-2025-0076-ACC_SAFE_acord.pdf,C:\claims_agent\ClaimWise\ml\dataset\accident\police_reports_100\PR-10076-ACC_CLM-2025-0076-ACC_SAFE_police.pdf,C:\claims_agent\ClaimWise\ml\dataset\accident\loss_reports_100\CLM-2025-0076-ACC_SAFE_loss.pdf,C:\claims_agent\ClaimWise\ml\dataset\accident\rc_documents_100\CLM-2025-0076-ACC_SAFE_rc.pdf,C:\claims_agent\ClaimWise\ml\dataset\accident\dl_documents_100\CLM-2025-0076-ACC_SAFE_dl.pdf,,0.0252,0,0,1.0,1.0,1.0,1.0,1.0,1.0,0.005,Low,1.0
accident,CLM-2025-0077,C:\claims_agent\ClaimWise\ml\dataset\accident\accord_form_100\CLM-2025-0077-ACC_SAFE_acord.pdf,C:\claims_agent\ClaimWise\ml\dataset\accident\police_reports_100\PR-10077-ACC_CLM-2025-0077-ACC_SAFE_police.pdf,C:\claims_agent\ClaimWise\ml\dataset\accident\loss_reports_100\CLM-2025-0077-ACC_SAFE_loss.pdf,C:\claims_agent\ClaimWise\ml\dataset\accident\rc_documents_100\CLM-2025-0077-ACC_SAFE_rc.pdf,C:\claims_agent\ClaimWise\ml\dataset\accident\dl_documents_100\CLM-2025-0077-ACC_SAFE_dl.pdf,,0.0091,0,0,1.0,1.0,1.0,1.0,1.0,1.0,0.0018,Low,1.0
accident,CLM-2025-0078,C:\claims_agent\ClaimWise\ml\dataset\accident\accord_form_100\CLM-2025-0078-ACC_SAFE_acord.pdf,C:\claims_agent\ClaimWise\ml\dataset\accident\police_reports_100\PR-10078-ACC_CLM-2025-0078-ACC_SAFE_police.pdf,C:\claims_agent\ClaimWise\ml\dataset\accident\loss_reports_100\CLM-2025-0078-ACC_SAFE_loss.pdf,C:\claims_agent\ClaimWise\ml\dataset\accident\rc_documents_100\CLM-2025-0078-ACC_SAFE_rc.pdf,C:\claims_agent\ClaimWise\ml\dataset\accident\dl_documents_100\CLM-2025-0078-ACC_SAFE_dl.pdf,,0.0059,0,0,1.0,1.0,1.0,1.0,1.0,1.0,0.0012,Low,1.0
accident,CLM-2025-0079,C:\claims_agent\ClaimWise\ml\dataset\accident\accord_form_100\CLM-2025-0079-ACC_SAFE_acord.pdf,C:\claims_agent\ClaimWise\ml\dataset\accident\police_reports_100\PR-10079-ACC_CLM-2025-0079-ACC_SAFE_police.pdf,C:\claims_agent\ClaimWise\ml\dataset\accident\loss_reports_100\CLM-2025-0079-ACC_SAFE_loss.pdf,C:\claims_agent\ClaimWise\ml\dataset\accident\rc_documents_100\CLM-2025-0079-ACC_SAFE_rc.pdf,C:\claims_agent\ClaimWise\ml\dataset\accident\dl_documents_100\CLM-2025-0079-ACC_SAFE_dl.pdf,,0.0433,0,2,1.0,1.0,1.0,1.0,1.0,1.0,0.0487,Low,1.0
accident,CLM-2025-0080,C:\claims_agent\ClaimWise\ml\dataset\accident\accord_form_100\CLM-2025-0080-ACC_SAFE_acord.pdf,C:\claims_agent\ClaimWise\ml\dataset\accident\police_reports_100\PR-10080-ACC_CLM-2025-0080-ACC_SAFE_police.pdf,C:\claims_agent\ClaimWise\ml\dataset\accident\loss_reports_100\CLM-2025-0080-ACC_SAFE_loss.pdf,C:\claims_agent\ClaimWise\ml\dataset\accident\rc_documents_100\CLM-2025-0080-ACC_SAFE_rc.pdf,C:\claims_agent\ClaimWise\ml\dataset\accident\dl_documents_100\CLM-2025-0080-ACC_SAFE_dl.pdf,,0.0238,0,0,1.0,1.0,1.0,1.0,1.0,1.0,0.0048,Low,1.0
accident,CLM-2025-0081,C:\claims_agent\ClaimWise\ml\dataset\accident\accord_form_100\CLM-2025-0081-ACC_RISK_acord.pdf,C:\claims_agent\ClaimWise\ml\dataset\accident\police_reports_100\PR-10081-ACC_CLM-2025-0081-ACC_RISK_police.pdf,C:\claims_agent\ClaimWise\ml\dataset\accident\loss_reports_100\CLM-2025-0081-ACC_RISK_loss.pdf,C:\claims_agent\ClaimWise\ml\dataset\accident\rc_documents_100\CLM-2025-0081-ACC_RISK_rc.pdf,C:\claims_agent\ClaimWise\ml\dataset\accident\dl_documents_100\CLM-2025-0081-ACC_RISK_dl.pdf,,0.4444,0,18,0.0,1.0,1.0,1.0,1.0,1.0,0.4889,Low,3.0
accident,CLM-2025-0082,C:\claims_agent\ClaimWise\ml\dataset\accident\accord_form_100\CLM-2025-0082-ACC_RISK_acord.pdf,C:\claims_agent\ClaimWise\ml\dataset\accident\police_reports_100\PR-10082-ACC_CLM-2025-0082-ACC_RISK_police.pdf,C:\claims_agent\ClaimWise\ml\dataset\accident\loss_reports_100\CLM-2025-0082-ACC_RISK_loss.pdf,C:\claims_agent\ClaimWise\ml\dataset\accident\rc_documents_100\CLM-2025-0082-ACC_RISK_rc.pdf,C:\claims_agent\ClaimWise\ml\dataset\accident\dl_documents_100\CLM-2025-0082-ACC_RISK_dl.pdf,,0.4845,0,17,0.0,1.0,1.0,1.0,1.0,1.0,0.4969,Low,3.0
accident,CLM-2025-0083,C:\claims_agent\ClaimWise\ml\dataset\accident\accord_form_100\CLM-2025-0083-ACC_RISK_acord.pdf,C:\claims_agent\ClaimWise\ml\dataset\accident\police_reports_100\PR-10083-ACC_CLM-2025-0083-ACC_RISK_police.pdf,C:\claims_agent\ClaimWise\ml\dataset\accident\loss_reports_100\CLM-2025-0083-ACC_RISK_loss.pdf,C:\claims_agent\ClaimWise\ml\dataset\accident\rc_documents_100\CLM-2025-0083-ACC_RISK_rc.pdf,C:\claims_agent\ClaimWise\ml\dataset\accident\dl_documents_100\CLM-2025-0083-ACC_RISK_dl.pdf,,3.412,0,15,0.0,1.0,1.0,1.0,1.0,1.0,1.0824,Low,4.0
accident,CLM-2025-0084,C:\claims_agent\ClaimWise\ml\dataset\accident\accord_form_100\CLM-2025-0084-ACC_RISK_acord.pdf,C:\claims_agent\ClaimWise\ml\dataset\accident\police_reports_100\PR-10084-ACC_CLM-2025-0084-ACC_RISK_police.pdf,C:\claims_agent\ClaimWise\ml\dataset\accident\loss_reports_100\CLM-2025-0084-ACC_RISK_loss.pdf,C:\claims_agent\ClaimWise\ml\dataset\accident\rc_documents_100\CLM-2025-0084-ACC_RISK_rc.pdf,C:\claims_agent\ClaimWise\ml\dataset\accident\dl_documents_100\CLM-2025-0084-ACC_RISK_dl.pdf,,4.4602,0,14,0.0,1.0,1.0,1.0,1.0,1.0,1.292,Low,4.0
accident,CLM-2025-0085,C:\claims_agent\ClaimWise\ml\dataset\accident\accord_form_100\CLM-2025-0085-ACC_RISK_acord.pdf,C:\claims_agent\ClaimWise\ml\dataset\accident\police_reports_100\PR-10085-ACC_CLM-2025-0085-ACC_RISK_police.pdf,C:\claims_agent\ClaimWise\ml\dataset\accident\loss_reports_100\CLM-2025-0085-ACC_RISK_loss.pdf,C:\claims_agent\ClaimWise\ml\dataset\accident\rc_documents_100\CLM-2025-0085-ACC_RISK_rc.pdf,C:\claims_agent\ClaimWise\ml\dataset\accident\dl_documents_100\CLM-2025-0085-ACC_RISK_dl.pdf,,0.6026,1,14,0.0,1.0,1.0,1.0,1.0,1.0,0.7205,High,4.0
accident,CLM-2025-0086,C:\claims_agent\ClaimWise\ml\dataset\accident\accord_form_100\CLM-2025-0086-ACC_RISK_acord.pdf,C:\claims_agent\ClaimWise\ml\dataset\accident\police_reports_100\PR-10086-ACC_CLM-2025-0086-ACC_RISK_police.pdf,C:\claims_agent\ClaimWise\ml\dataset\accident\loss_reports_100\CLM-2025-0086-ACC_RISK_loss.pdf,C:\claims_agent\ClaimWise\ml\dataset\accident\rc_documents_100\CLM-2025-0086-ACC_RISK_rc.pdf,C:\claims_agent\ClaimWise\ml\dataset\accident\dl_documents_100\CLM-2025-0086-ACC_RISK_dl.pdf,,3.7527,1,28,0.0,1.0,1.0,1.0,1.0,1.0,1.3505,High,4.0
accident,CLM-2025-0087,C:\claims_agent\ClaimWise\ml\dataset\accident\accord_form_100\CLM-2025-0087-ACC_RISK_acord.pdf,C:\claims_agent\ClaimWise\ml\dataset\accident\police_reports_100\PR-10087-ACC_CLM-2025-0087-ACC_RISK_police.pdf,C:\claims_agent\ClaimWise\ml\dataset\accident\loss_reports_100\CLM-2025-0087-ACC_RISK_loss.pdf,C:\claims_agent\ClaimWise\ml\dataset\accident\rc_documents_100\CLM-2025-0087-ACC_RISK_rc.pdf,C:\claims_agent\ClaimWise\ml\dataset\accident\dl_documents_100\CLM-2025-0087-ACC_RISK_dl.pdf,,0.4404,1,7,0.0,1.0,1.0,1.0,1.0,1.0,0.6281,High,4.0
accident,CLM-2025-0088,C:\claims_agent\ClaimWise\ml\dataset\accident\accord_form_100\CLM-2025-0088-ACC_RISK_acord.pdf,C:\claims_agent\ClaimWise\ml\dataset\accident\police_reports_100\PR-10088-ACC_CLM-2025-0088-ACC_RISK_police.pdf,C:\claims_agent\ClaimWise\ml\dataset\accident\loss_reports_100\CLM-2025-0088-ACC_RISK_loss.pdf,C:\claims_agent\ClaimWise\ml\dataset\accident\rc_documents_100\CLM-2025-0088-ACC_RISK_rc.pdf,C:\claims_agent\ClaimWise\ml\dataset\accident\dl_documents_100\CLM-2025-0088-ACC_RISK_dl.pdf,,2.8049,0,13,0.0,1.0,1.0,1.0,1.0,1.0,0.961,Low,4.0
accident,CLM-2025-0089,C:\claims_agent\ClaimWise\ml\dataset\accident\accord_form_100\CLM-2025-0089-ACC_RISK_acord.pdf,C:\claims_agent\ClaimWise\ml\dataset\accident\police_reports_100\PR-10089-ACC_CLM-2025-0089-ACC_RISK_police.pdf,C:\claims_agent\ClaimWise\ml\dataset\accident\loss_reports_100\CLM-2025-0089-ACC_RISK_loss.pdf,C:\claims_agent\ClaimWise\ml\dataset\accident\rc_documents_100\CLM-2025-0089-ACC_RISK_rc.pdf,C:\claims_agent\ClaimWise\ml\dataset\accident\dl_documents_100\CLM-2025-0089-ACC_RISK_dl.pdf,,0.4018,1,27,0.0,1.0,1.0,1.0,1.0,1.0,0.6804,High,4.0
accident,CLM-2025-0090,C:\claims_agent\ClaimWise\ml\dataset\accident\accord_form_100\CLM-2025-0090-ACC_RISK_acord.pdf,C:\claims_agent\ClaimWise\ml\dataset\accident\police_reports_100\PR-10090-ACC_CLM-2025-0090-ACC_RISK_police.pdf,C:\claims_agent\ClaimWise\ml\dataset\accident\loss_reports_100\CLM-2025-0090-ACC_RISK_loss.pdf,C:\claims_agent\ClaimWise\ml\dataset\accident\rc_documents_100\CLM-2025-0090-ACC_RISK_rc.pdf,C:\claims_agent\ClaimWise\ml\dataset\accident\dl_documents_100\CLM-2025-0090-ACC_RISK_dl.pdf,,0.5165,1,24,0.0,1.0,1.0,1.0,1.0,1.0,0.7033,High,4.0
accident,CLM-2025-0091,C:\claims_agent\ClaimWise\ml\dataset\accident\accord_form_100\CLM-2025-0091-ACC_RISK_acord.pdf,C:\claims_agent\ClaimWise\ml\dataset\accident\police_reports_100\PR-10091-ACC_CLM-2025-0091-ACC_RISK_police.pdf,C:\claims_agent\ClaimWise\ml\dataset\accident\loss_reports_100\CLM-2025-0091-ACC_RISK_loss.pdf,C:\claims_agent\ClaimWise\ml\dataset\accident\rc_documents_100\CLM-2025-0091-ACC_RISK_rc.pdf,C:\claims_agent\ClaimWise\ml\dataset\accident\dl_documents_100\CLM-2025-0091-ACC_RISK_dl.pdf,,2.738,0,22,0.0,1.0,1.0,1.0,1.0,1.0,0.9476,Low,4.0
accident,CLM-2025-0092,C:\claims_agent\ClaimWise\ml\dataset\accident\accord_form_100\CLM-2025-0092-ACC_RISK_acord.pdf,C:\claims_agent\ClaimWise\ml\dataset\accident\police_reports_100\PR-10092-ACC_CLM-2025-0092-ACC_RISK_police.pdf,C:\claims_agent\ClaimWise\ml\dataset\accident\loss_reports_100\CLM-2025-0092-ACC_RISK_loss.pdf,C:\claims_agent\ClaimWise\ml\dataset\accident\rc_documents_100\CLM-2025-0092-ACC_RISK_rc.pdf,C:\claims_agent\ClaimWise\ml\dataset\accident\dl_documents_100\CLM-2025-0092-ACC_RISK_dl.pdf,,2.5565,1,26,0.0,1.0,1.0,1.0,1.0,1.0,1.1113,High,4.0
accident,CLM-2025-0093,C:\claims_agent\ClaimWise\ml\dataset\accident\accord_form_100\CLM-2025-0093-ACC_RISK_acord.pdf,C:\claims_agent\ClaimWise\ml\dataset\accident\police_reports_100\PR-10093-ACC_CLM-2025-0093-ACC_RISK_police.pdf,C:\claims_agent\ClaimWise\ml\dataset\accident\loss_reports_100\CLM-2025-0093-ACC_RISK_loss.pdf,C:\claims_agent\ClaimWise\ml\dataset\accident\rc_documents_100\CLM-2025-0093-ACC_RISK_rc.pdf,C:\claims_agent\ClaimWise\ml\dataset\accident\dl_documents_100\CLM-2025-0093-ACC_RISK_dl.pdf,,0.535,1,28,0.0,1.0,1.0,1.0,1.0,1.0,0.707,High,4.0
accident,CLM-2025-0094,C:\claims_agent\ClaimWise\ml\dataset\accident\accord_form_100\CLM-2025-0094-ACC_RISK_acord.pdf,C:\claims_agent\ClaimWise\ml\dataset\accident\police_reports_100\PR-10094-ACC_CLM-2025-0094-ACC_RISK_police.pdf,C:\claims_agent\ClaimWise\ml\dataset\accident\loss_reports_100\CLM-2025-0094-ACC_RISK_loss.pdf,C:\claims_agent\ClaimWise\ml\dataset\accident\rc_documents_100\CLM-2025-0094-ACC_RISK_rc.pdf,C:\claims_agent\ClaimWise\ml\dataset\accident\dl_documents_100\CLM-2025-0094-ACC_RISK_dl.pdf,,0.6083,0,24,0.0,1.0,1.0,1.0,1.0,1.0,0.5217,Low,3.0
accident,CLM-2025-0095,C:\claims_agent\ClaimWise\ml\dataset\accident\accord_form_100\CLM-2025-0095-ACC_RISK_acord.pdf,C:\claims_agent\ClaimWise\ml\dataset\accident\police_reports_100\PR-10095-ACC_CLM-2025-0095-ACC_RISK_police.pdf,C:\claims_agent\ClaimWise\ml\dataset\accident\loss_reports_100\CLM-2025-0095-ACC_RISK_loss.pdf,C:\claims_agent\ClaimWise\ml\dataset\accident\rc_documents_100\CLM-2025-0095-ACC_RISK_rc.pdf,C:\claims_agent\ClaimWise\ml\dataset\accident\dl_documents_100\CLM-2025-0095-ACC_RISK_dl.pdf,,4.931,1,25,0.0,1.0,1.0,1.0,1.0,1.0,1.5862,High,4.0
accident,CLM-2025-0096,C:\claims_agent\ClaimWise\ml\dataset\accident\accord_form_100\CLM-2025-0096-ACC_RISK_acord.pdf,C:\claims_agent\ClaimWise\ml\dataset\accident\police_reports_100\PR-10096-ACC_CLM-2025-0096-ACC_RISK_police.pdf,C:\claims_agent\ClaimWise\ml\dataset\accident\loss_reports_100\CLM-2025-0096-ACC_RISK_loss.pdf,C:\claims_agent\ClaimWise\ml\dataset\accident\rc_documents_100\CLM-2025-0096-ACC_RISK_rc.pdf,C:\claims_agent\ClaimWise\ml\dataset\accident\dl_documents_100\CLM-2025-0096-ACC_RISK_dl.pdf,,0.4934,0,29,0.0,1.0,1.0,1.0,1.0,1.0,0.4987,Low,3.0
accident,CLM-2025-0097,C:\claims_agent\ClaimWise\ml\dataset\accident\accord_form_100\CLM-2025-0097-ACC_RISK_acord.pdf,C:\claims_agent\ClaimWise\ml\dataset\accident\police_reports_100\PR-10097-ACC_CLM-2025-0097-ACC_RISK_police.pdf,C:\claims_agent\ClaimWise\ml\dataset\accident\loss_reports_100\CLM-2025-0097-ACC_RISK_loss.pdf,C:\claims_agent\ClaimWise\ml\dataset\accident\rc_documents_100\CLM-2025-0097-ACC_RISK_rc.pdf,C:\claims_agent\ClaimWise\ml\dataset\accident\dl_documents_100\CLM-2025-0097-ACC_RISK_dl.pdf,,0.4147,1,14,0.0,1.0,1.0,1.0,1.0,1.0,0.6829,High,4.0
accident,CLM-2025-0098,C:\claims_agent\ClaimWise\ml\dataset\accident\accord_form_100\CLM-2025-0098-ACC_RISK_acord.pdf,C:\claims_agent\ClaimWise\ml\dataset\accident\police_reports_100\PR-10098-ACC_CLM-2025-0098-ACC_RISK_police.pdf,C:\claims_agent\ClaimWise\ml\dataset\accident\loss_reports_100\CLM-2025-0098-ACC_RISK_loss.pdf,C:\claims_agent\ClaimWise\ml\dataset\accident\rc_documents_100\CLM-2025-0098-ACC_RISK_rc.pdf,C:\claims_agent\ClaimWise\ml\dataset\accident\dl_documents_100\CLM-2025-0098-ACC_RISK_dl.pdf,,0.6053,0,22,0.0,1.0,1.0,1.0,1.0,1.0,0.5211,Low,3.0
accident,CLM-2025-0099,C:\claims_agent\ClaimWise\ml\dataset\accident\accord_form_100\CLM-2025-0099-ACC_RISK_acord.pdf,C:\claims_agent\ClaimWise\ml\dataset\accident\police_reports_100\PR-10099-ACC_CLM-2025-0099-ACC_RISK_police.pdf,C:\claims_agent\ClaimWise\ml\dataset\accident\loss_reports_100\CLM-2025-0099-ACC_RISK_loss.pdf,C:\claims_agent\ClaimWise\ml\dataset\accident\rc_documents_100\CLM-2025-0099-ACC_RISK_rc.pdf,C:\claims_agent\ClaimWise\ml\dataset\accident\dl_documents_100\CLM-2025-0099-ACC_RISK_dl.pdf,,0.4239,1,21,0.0,1.0,1.0,1.0,1.0,1.0,0.6848,High,4.0
accident,CLM-2025-0100,C:\claims_agent\ClaimWise\ml\dataset\accident\accord_form_100\CLM-2025-0100-ACC_RISK_acord.pdf,C:\claims_agent\ClaimWise\ml\dataset\accident\police_reports_100\PR-10100-ACC_CLM-2025-0100-ACC_RISK_police.pdf,C:\claims_agent\ClaimWise\ml\dataset\accident\loss_reports_100\CLM-2025-0100-ACC_RISK_loss.pdf,C:\claims_agent\ClaimWise\ml\dataset\accident\rc_documents_100\CLM-2025-0100-ACC_RISK_rc.pdf,C:\claims_agent\ClaimWise\ml\dataset\accident\dl_documents_100\CLM-2025-0100-ACC_RISK_dl.pdf,,0.4688,1,26,0.0,1.0,1.0,1.0,1.0,1.0,0.6937,High,4.0
